korea,china ',of the research
buses,listed under,to the un
hispanic,the spin,of the content
exploitation,speed up,was every where
skills,the tv,scarcely any thing
mev,roles of,such an approach
homeland,everyone in,in the planning
seattle,northwestern university,half a drachm
coding,of housing,engravings on wood
intake,columbia university,to assure that
processed,the mix,i and ii
minimal,corporation 's,pleased to state
rna,try out,for this study
radium,the container,the graduate school
proton,powered by,carbonate of ammonia
technique,the bus,acetate of lead
electron,exploit the,a new type
immune,gram of,of the gene
amino,ions are,listed in the
hitler,ml of,in the x
