rwanda,1050303
programmation,942578
cgt,895366
israéliens,497247
positionnement,302086
adenauer,247657
réinsertion,232215
vietnamienne,219490
scolarisés,209416
centrafricaine,207092
ppm,198355
camerounaise,191705
bissau,166941
télévisée,155660
plutonium,147052
télévisé,143347
exhaustivité,132259
angolais,129705
macroéconomiques,128881
maximisation,127572
filmique,126573
répétitif,125985
envisageables,123514
cadrage,123132
atp,122250
transistors,120820
marcuse,119690
dulles,118986
empathie,118316
psychotiques,117916
duvalier,114198
inputs,113255
bamiléké,112518
musil,110148
pulsionnelle,104727
sarraute,104167
typologies,101907
actant,100322
tégumens,99952
méthodologies,99650
rpf,96591
istiqlal,94352
nigérian,94328
cameroon,94289
dentine,91844
traoré,91537
messmer,90809
télévisées,90624
lukacs,90465
décrypter,89763
vernant,87284
messali,87247
keynésienne,87062
quinquennat,86809
autoconsommation,85738
remodelage,85586
nutritionnel,85037
abdelaziz,84551
vietnamiennes,83036
lsraël,82792
polyéthylène,81723
togolaise,81186
s'impliquer,80519
biafra,80506
systémiques,80209
védrine,80022
semantic,78456
airlines,78068
sihanouk,77570
khz,76553
répétitives,75872
driss,75870
alzheimer,75489
animations,74451
générée,73590
ouzbékistan,73168
katangais,72322
interpersonnelle,72216
gp,71931
informative,70782
narcissiques,70600
tchadiens,70399
eps,69770
arusha,69680
lacouture,69231
methodology,68921
jocelyne,68635
nutritionnelle,68601
spectrométrie,68276
répétitifs,68094
bauhaus,67900
soboul,67425
dieter,67209
lobbies,67105
libidinale,66932
bayrou,65261
luminance,65128
indonesia,63914
reconvertir,63855
jihad,62957
revitalisation,62764
eeg,62076
significantly,61772
webern,60714
medioevo,60100
fragilisation,59362
thématisation,59129
caa,58750
keynésien,58611
patrilinéaire,58024
tillich,57733
réunionnaise,57136
estructura,56891
dimensional,56117
samuelson,55862
pechiney,55406
semantics,54916
larry,54906
documentaliste,54880
racinaire,54389
focalisé,54039
pulpaire,53977
automatisés,53899
sally,53554
jordanien,53502
parameter,52920
camerounaises,52570
hjelmslev,52337
codés,51753
cob,51356
indissociablement,51120
kleiber,50954
interagir,50248
scholem,50100
prigogine,50099
thiam,49735
sémantisme,49468
contraceptives,49112
interentreprises,49065
problématisation,48492
surdétermination,48084
cuadernos,47284
fassi,47166
extraversion,46881
microfiches,46850
almamy,46774
libéraliser,46660
sousdéveloppement,46637
thermonucléaire,46165
gromyko,46101
démystifier,45795
gamal,45714
profiles,45538
immuno,45535
psychothérapies,45048
nimier,44697
nissan,44428
belkacem,44280
indécidable,44256
verbs,44173
awareness,43890
régulée,43787
markov,43469
astronautes,43368
chapus,43323
fontanet,43204
maximise,43139
migrent,42949
piégée,42667
nosy,42559
halieutique,42554
macintosh,42356
imagen,42241
dormance,41984
mannoni,41962
variability,41927
valorisante,41839
scolarisée,41790
psychosociale,41718
riyad,41428
quadripartite,41417
farid,41009
myrdal,41001
semiconducteurs,40970
nutritionnelles,40913
receptor,40708
maeght,40317
filmés,40270
temporalisation,40143
sica,40070
amado,39911
duvignaud,39892
commercialise,39829
formalisées,39714
stainier,39632
sanaga,39412
préconscient,39247
jouhaud,39060
mansholt,38923
monterrey,38270
néolibéralisme,38264
souvarine,37987
monolithisme,37919
unidimensionnel,37880
contaminants,37842
fromm,37647
methodological,37610
pavillonnaire,37538
oyapock,37515
marker,37383
vegas,37376
zazzo,36896
méthodologiquement,36657
renzo,36594
similarités,36519
créatives,36483
khoury,36435
alicia,36432
phobique,36219
thanatos,36069
cafétéria,35752
heusch,35720
psychiat,35713
judo,35630
großen,35616
menahem,35373
présélection,35228
newsletter,35205
scolarisées,34922
silicone,34898
indexée,34871
trouillot,34783
cathy,34694
mirô,34691
bgb,34445
kinésithérapie,34418
substrate,34356
côted'ivoire,34288
diarra,34218
facultad,34210
peptide,34121
n'diaye,33869
urbanization,33654
inoculum,33639
wafd,33626
connectifs,33616
automatisées,33500
homéostasie,33489
cig,33486
huston,33189
monatte,33186
andreï,33090
ceres,33023
bobby,32988
tchekhov,32870
brevetabilité,32824
subduction,32802
interpersonnel,32722
amouroux,32681
initially,32676
onirisme,32611
adélie,32547
sijn,32539
ecg,32494
discale,32479
sahéliennes,32291
evaluate,32290
boulganine,32184
hominisation,32170
hamidou,31917
slim,31837
pym,31818
gonidec,31681
lévistrauss,31598
starhemberg,31546
binswanger,31537
artériographie,31389
walzer,31310
texaco,31266
läßt,31229
souleymane,31166
contactés,31155
somoza,31092
guèye,30961
kadar,30924
características,30813
épilepsies,30794
footballeur,30785
affixe,30779
czech,30425
ghelderode,30220
finalisation,30219
brancusi,30134
gropius,30110
investigación,30082
reconverti,29986
klerk,29938
sponsors,29928
bafoussam,29861
cardiac,29820
désig,29820
chronos,29757
hétérosexuel,29690
existentiale,29623
ammar,29547
labori,29488
désengager,29443
malagasy,29400
kpd,29375
cabildo,29283
surinvestissement,29220
ogaden,29137
lnternationale,28947
millénariste,28914
discursivité,28810
pinget,28782
irina,28684
mandiargues,28627
shelf,28515
lópez,28284
lran,28215
hétérosexuelle,28190
reconvertis,28059
cohéreur,27973
westerns,27913
cautionnemens,27839
economía,27782
korean,27749
côrdoba,27740
georgina,27722
adamov,27653
crecimiento,27628
antioquia,27536
obsessionnels,27488
peng,27428
natalia,27391
murcia,27372
réactivée,27282
rusk,27194
escarpit,27184
mamie,27102
afl,27063
blacks,27029
gabonaises,26997
sensory,26987
ramallah,26952
amato,26922
inteme,26914
psychoanalytic,26887
psychosociaux,26886
fossier,26885
adriana,26881
narrativa,26817
screening,26791
complétez,26705
uptake,26689
szondi,26651
apparentements,26614
onset,26578
relectures,26566
lattès,26537
monsanto,26531
lolita,26518
médiatise,26484
gruppi,26383
redémarrer,26347
cosnier,26297
interurbaines,26260
semiconducteur,26184
socialista,26161
hachémite,26067
mossadegh,26030
acoustic,26016
carla,25991
monnerot,25892
urbaniser,25847
plm,25819
nkongsamba,25793
électros,25739
somalien,25728
ehrard,25682
antibodies,25669
mammeri,25662
provera,25640
specificity,25623
rabbit,25594
maximation,25508
bidimensionnel,25408
supraconducteurs,25375
abridged,25366
masquage,25249
posters,25203
parrainé,25197
remake,25130
celso,25092
ibanez,25026
leonor,24984
unidad,24969
kinésithérapeute,24965
asm,24960
guillén,24939
olschki,24924
hapax,24882
fenómeno,24795
renal,24786
autoportraits,24771
comorienne,24761
zemstvos,24748
colonialism,24719
lslam,24659
monomères,24659
amalric,24569
classificatoires,24507
latéralisation,24495
planifie,24397
sudreau,24328
erevan,24287
fanchette,24255
érotisation,24223
unidimensionnelle,24219
finitions,24174
muséologie,24156
anaphores,24148
millones,24121
larroumet,24116
dhôtel,24012
réimpr,23991
intériorisés,23967
spectroscopy,23958
thermonucléaires,23873
peytral,23843
réaffectation,23831
psychothérapeutique,23808
cofondateur,23767
indígena,23737
legitimacy,23683
hopper,23644
compulsive,23623
physiopathologiques,23601
immunol,23548
flamenco,23546
zahlé,23493
kantorowicz,23466
dosimétrie,23407
fanjeaux,23381
denkens,23359
avs,23339
ferrassie,23284
masseur,23262
millilitres,23257
wilmet,23158
helga,23148
aesthetics,23134
anorexique,23020
technol,23020
metaphor,23010
quoc,22970
baroja,22900
metabolic,22899
pinatel,22882
factoriels,22852
kinésithérapeutes,22827
guenièvre,22758
dépl,22604
pituitary,22565
beltran,22550
intertemporelle,22466
préval,22463
tchétchènes,22445
antiparlementarisme,22326
cohabitants,22291
kagan,22290
merleauponty,22251
intergroupes,22233
demiers,22207
rapoport,22191
dento,22127
relato,22062
gheyn,21916
rentabilités,21874
aas,21844
puna,21790
bendix,21755
kinetics,21752
temperatura,21735
brahimi,21675
clinker,21652
jiri,21586
pictogrammes,21543
windhoek,21527
marxist,21520
klemperer,21463
gautheret,21351
moureaux,21342
sérielles,21244
intersyndicale,21228
psychosociales,21221
narco,21205
orthodontique,21184
narr,21167
jurisclasseur,21147
élastomères,21140
bowlby,21024
sublinguale,21016
kyo,20986
universitaria,20953
mikoyan,20916
psychogenèse,20913
buffer,20876
surdéterminé,20875
limitants,20821
intrapsychique,20811
keynesian,20798
posturale,20761
chouf,20716
elect,20710
allal,20687
thématiser,20680
mantra,20584
soro,20580
olivares,20578
gac,20545
enquêtée,20538
parapsychologie,20519
thématise,20491
plastie,20483
imbs,20415
sayyid,20404
detector,20403
pellets,20396
schließlich,20365
receptors,20349
heterogeneous,20346
oneself,20322
delluc,20318
aventurisme,20315
portillo,20270
maraboutiques,20216
espasa,20214
alcalâ,20167
rabemananjara,20147
agonistes,20141
ingeborg,20126
fibers,20070
sefer,20049
telos,20022
neurophysiologiques,20013
kovacs,20010
gouvemements,20007
beckford,19989
érogènes,19982
sélecteurs,19974
psychopédagogie,19953
moholy,19951
tayeb,19892
radioisotopes,19884
béria,19872
chromatography,19862
endocrinol,19835
abû,19834
aymaras,19798
thyroid,19786
parafiscale,19774
surpâturage,19773
dutourd,19759
ajuriaguerra,19758
cogny,19758
hémodynamiques,19740
spinules,19737
boynes,19732
éprouvantes,19698
m'abonner,19680
zion,19675
waqf,19670
itinérance,19651
posner,19591
piégées,19551
ingarden,19522
glycémique,19423
rabbits,19422
anticoloniale,19398
prud'homales,19388
coordonnateurs,19356
otero,19348
reseaux,19338
préindustrielle,19337
econometric,19319
nutrient,19315
ahn,19246
roncalli,19243
silicones,19200
compositionnelle,19171
articulateur,19121
procesos,19090
menabe,19057
wozzeck,19056
tenerife,19051
guzmân,19019
arrobes,19004
revier,18987
sérères,18962
tessan,18942
brugmans,18939
mohsen,18938
bradshaw,18929
debats,18817
castelot,18775
aplats,18768
nouns,18762
kris,18752
sterckx,18695
soekarno,18665
aixoise,18657
orthodox,18655
plékhanov,18635
siebeck,18632
paneuropéen,18609
postulons,18590
sarr,18582
sluys,18573
unconscious,18554
maslow,18550
kibuye,18548
préfrontal,18532
gastric,18519
einfluß,18506
recirculation,18500
jouxtent,18477
buddhism,18452
télémesure,18384
maccabées,18353
musinga,18348
ducretet,18312
suârez,18289
robyns,18200
wartensleben,18174
charcas,18174
hazm,18163
hématocrite,18144
leibowitz,18098
sempé,18086
vazquez,18082
karamé,18059
béchaux,18052
gabriela,18034
chaker,18033
labelled,18010
hyrcan,18007
scriptorium,18005
cristianos,17979
hypophysectomie,17974
iouri,17972
mirko,17970
valls,17961
balagne,17947
zonal,17944
mucosa,17931
rakosi,17916
psychanalyses,17915
schuckert,17899
menchikof,17885
monétisation,17877
lakatos,17852
hincks,17837
icc,17806
électroacoustique,17801
schizophrénies,17792
pronominales,17784
bompiani,17766
annealing,17762
polynesia,17756
cideville,17731
posologies,17729
differenz,17704
constructible,17692
toluca,17661
painters,17655
calvé,17640
ionic,17631
chabod,17601
chaïm,17582
proliferation,17582
thoutmosis,17539
psychothérapiques,17532
adnan,17492
grenadines,17490
peyrehorade,17485
rowohlt,17445
intersubjectives,17375
sardo,17373
brenda,17287
tucson,17286
dénazification,17271
haganah,17265
dandelot,17199
professionals,17160
kalecki,17138
confessionnalisme,17060
surdéterminée,17046
landscapes,17030
forestié,17000
axa,16970
vouglans,16945
veyrat,16937
mabilleau,16928
transitionnels,16880
contrasts,16851
jeronimo,16844
tripolitza,16837
thermoluminescence,16806
béhier,16796
presbytres,16795
macha,16778
evaluating,16764
fishman,16763
amorphous,16757
thémistius,16745
latences,16687
sennett,16683
palomar,16677
dimensione,16677
beardsley,16665
prob,16654
éthérique,16651
polluent,16648
covariances,16621
traumatic,16609
vinaver,16596
visualisé,16580
réflectance,16568
historically,16564
redacteur,16551
allport,16546
monkeys,16541
pecker,16536
voprosy,16536
riegl,16535
bonnie,16530
garrone,16527
sismologie,16522
roseline,16515
martov,16478
jamati,16458
chiré,16454
hassoun,16434
roudinesco,16375
mahâbhârata,16368
n'incluent,16331
cholula,16325
berthoin,16317
sijthoff,16297
keur,16296
matriarcale,16281
parquin,16274
antiimpérialiste,16259
encarts,16258
novosibirsk,16250
atc,16231
schachter,16219
mejia,16216
limestones,16201
symbolism,16199
cameraman,16196
hepatitis,16196
cochlée,16189
viette,16187
encéphalogramme,16175
psychopédagogique,16167
interarmes,16165
mellal,16064
déambulations,16035
mounir,16023
phisalix,16007
mattéi,15936
haddock,15920
intransitive,15918
ventricular,15916
calendaires,15880
pancho,15876
kokoschka,15872
porsche,15866
technicisation,15856
sensibilisant,15852
objectivable,15851
gudrun,15837
atemporel,15831
chassepot,15826
suivisme,15804
vauclin,15751
controversial,15722
malley,15721
haley,15706
despax,15693
électroencéphalogramme,15691
yorouba,15673
reik,15671
intergouvemementale,15670
microanalyse,15587
keir,15557
polyesters,15549
sidibé,15532
banti,15530
mbanza,15472
dôblin,15469
tridimensionnelles,15455
souzdal,15445
bida,15438
cholécystectomie,15430
elche,15385
turboréacteur,15369
duchaufour,15364
mouna,15359
turboréacteurs,15337
carbonell,15335
motivated,15334
resurgi,15294
onduleur,15280
soulet,15266
gavini,15255
chiottes,15251
thermies,15248
psychomotricité,15204
houtin,15189
lipkowski,15177
plafonnés,15175
boudou,15116
gutman,15110
bulteau,15016
algerian,14986
rosan,14924
krier,14916
eap,14896
ultrastructure,14848
abkhazie,14834
myopathies,14822
ossétie,14812
manceron,14682
akhenaton,14557
supraconducteur,13206
teoría,12444
urol,12271
volcano,11986
meadows,11717
salerno,11506
poética,11440
sectores,11394
plast,11179
onchocercose,11122
paramédicaux,11108
escritores,10970
nga,10823
puéricultrice,10809
tendencia,10643
hammadi,10436
pediatr,10409
autobiographe,10384
asymptomatiques,10269
axolotl,10229
congressiste,10214
oppositionnels,10108
druse,10025
niveles,9979
containment,9927
anchor,9879
hajj,9828
doesburg,9664
habilis,9598
éxito,9543
iesus,9522
pinocchio,9495
schottky,9428
perspectivas,9386
brandeis,9379
destouriens,9366
traumdeutung,9366
isaiah,9304
mantova,9303
patricio,9300
teams,9268
singleton,9246
kawasaki,9218
esfuerzo,9157
autoradiographie,9121
eliezer,9116
recombinant,9082
heißt,9077
mutara,9073
laussat,9009
fantasy,9005
millenium,9002
peropératoire,8999
ensayos,8993
botschaft,8903
endogame,8898
pediatrics,8893
explicar,8876
significativo,8870
ensembliste,8855
concepción,8854
cucurbita,8848
amyotrophique,8826
alaise,8815
numerosas,8803
hipótesis,8792
utilización,8785
octet,8781
negativo,8776
retardation,8774
shelton,8704
libertador,8676
lundberg,8670
kota,8646
beuningen,8633
calcareous,8623
limono,8569
lebenswelt,8560
lidia,8545
luzzatto,8536
radiology,8517
reazione,8511
karger,8500
neurophysiol,8484
planificatrice,8470
pronucléus,8466
fergus,8463
fenómenos,8435
suburbs,8412
castratrice,8388
pronoun,8374
concentrationnaires,8357
optics,8348
troviamo,8337
trott,8326
alrededor,8320
carpellaires,8319
bellezza,8303
posthumus,8273
verrà,8268
eventuell,8268
makarov,8245
thêta,8240
vella,8224
objetivos,8187
mammalia,8164
giancarlo,8156
optic,8151
crete,8150
toubeau,8133
erasmo,8129
stauffenberg,8125
électrophysiologiques,8122
menotti,8117
betancourt,8102
circuite,8081
hallux,8074
institutionnalistes,8047
mokolo,8038
barclays,8025
digit,8021
staining,8015
réunifié,8012
anorexiques,8005
léonais,8003
s'enclenche,8000
áreas,7975
aoki,7958
rawson,7953
córdoba,7938
hanser,7908
leni,7905
amparo,7899
vanina,7888
aparición,7887
accrocheur,7881
dentinaire,7859
pedagogique,7857
mattina,7856
contras,7854
ladino,7845
caduta,7844
simonetta,7825
fali,7817
mansa,7813
reinforcement,7807
thong,7804
pneumoniae,7795
mombello,7791
teh,7781
noguchi,7774
hopi,7745
popol,7741
lawless,7740
episodio,7722
crawley,7717
neutralisants,7703
lizzie,7700
téléguidés,7684
dottrine,7673
ostéotomies,7657
osvaldo,7645
caelius,7644
varian,7615
digits,7600
eener,7600
conosce,7600
mahabharata,7595
tupi,7592
ousia,7582
rossano,7576
telefunken,7567
corymbe,7556
unidirectionnel,7552
antigens,7549
delzons,7543
seix,7533
reese,7532
dok,7529
uic,7526
transformación,7520
travis,7520
chromatographiques,7514
pinton,7496
préscolaires,7488
paisaje,7484
weininger,7478
toumodi,7475
irako,7467
rosalind,7463
curr,7459
contactées,7456
medial,7453
bourderon,7450
mixer,7448
crônica,7433
merlo,7430
frith,7429
ocurre,7415
pressione,7415
spectromètres,7398
ceramics,7396
anwar,7395
kussmaul,7393
endocr,7392
banna,7381
cardiol,7381
enide,7377
giral,7374
panos,7365
mastaba,7364
biélorusse,7361
tamayo,7360
regan,7352
hachemi,7337
rythmicité,7318
pfizer,7242
banu,7225
myasthénie,7177
heideggérien,7130
irena,7100
anesthesia,7033
